{
  "version": 2,
  "builds": [
    {
      "src": "server/server.js",
      "use": "@vercel/node"
    }
  ],
  "routes": [
    {
      "src": "/admin",
      "status": 302,
      "headers": { "Location": "/admin-console-secure-panel" }
    },
    {
      "src": "/api/(.*)",
      "dest": "server/server.js"
    },
    {
      "src": "/(.*\\..*)",
      "dest": "/$1"
    },
    {
      "src": "/admin-console-secure-panel(/.*)?",
      "dest": "/admin.html"
    },
    {
      "src": "/(.*)",
      "dest": "/index.html"
    }
  ]
}